{
  "4a3EMFw6Gxf4sAwXJF6Z8AcW4QdFQEG9Ynxv2smMskJE": {
    "buy_ts": 1769436347.7427359,
    "closed_ts": 1769436675.2258084,
    "entry_price": 0.000186,
    "exit_price": 0.0001856,
    "exit_reason": "NO_TRADES_TIMEOUT",
    "high_price": 0.0001862,
    "last_price_usd": 0.0001856,
    "last_trade_ts": 1769436347.7427359,
    "mint": "4a3EMFw6Gxf4sAwXJF6Z8AcW4QdFQEG9Ynxv2smMskJE",
    "mode": "REAL",
    "no_trades_hits": 8,
    "opened_ts": 1769436347.7427359,
    "sol_amount": 0.02,
    "status": "CLOSED"
  },
  "5dxdLpp7epQ9hEY14KUtYa8Bj4kb1ebiovyyUyDkbonk": {
    "buy_ts": 1769411490.9475825,
    "closed_ts": 1769411845.0171032,
    "entry_price": 0.0001133,
    "exit_price": 0.0001161,
    "exit_reason": "NO_TRADES_TIMEOUT",
    "high_price": 0.0001161,
    "last_price_usd": 0.0001161,
    "last_trade_ts": 1769411518.967797,
    "sol_amount": 0.02,
    "status": "CLOSED"
  },
  "5eTuF52LmxisGfPPhZeiUkBPMdTkF3WfF1w5P5FUbonk": {
    "buy_ts": 1769406158.4219952,
    "closed_ts": 1769406511.7226796,
    "entry_price": 0.0002962,
    "exit_price": 0.0002997,
    "exit_reason": "NO_TRADES_TIMEOUT",
    "high_price": 0.0002997,
    "last_price_usd": 0.0002997,
    "last_trade_ts": 1769406186.2438192,
    "sol_amount": 0.02,
    "status": "CLOSED"
  },
  "86U6VJf6cpr5ckaHa6xeAbp7nBunpkvVrhEJjCgs8U5f": {
    "buy_ts": 1769297086.9863224,
    "closed_ts": 1769377058.1490014,
    "entry_price": 2.77,
    "exit_price": 2.67,
    "exit_reason": "NO_TRADES_TIMEOUT",
    "high_price": 2.77,
    "last_price_usd": 2.67,
    "last_trade_ts": 1769376725.382542,
    "sol_amount": 0.02,
    "status": "CLOSED"
  },
  "Av3cLhrHypqqh5VNqgmASeCGKbPGB8L2teNRuhH3bonk": {
    "buy_ts": 1769433268.7992523,
    "closed_ts": 1769436593.073883,
    "entry_price": 0.0002965,
    "exit_price": 0.0002532,
    "exit_reason": "NO_TRADES_TIMEOUT",
    "high_price": 0.0002965,
    "last_price_usd": 0.0002532,
    "last_trade_ts": 1769436291.3110454,
    "no_trades_hits": 11,
    "sol_amount": 0.02,
    "status": "CLOSED"
  },
  "CWf8dGwNDZPLag8bqoewkKRttjcfEgpNrnqzykjKsdaz": {
    "buy_ts": 1769357200.0762231,
    "entry_price": 1.107e-05,
    "high_price": 1.381e-05,
    "last_price_usd": 9.249e-06,
    "sol_amount": 0.02,
    "status": "CLOSED"
  },
  "EZvoqH87wA3Uu7GQqoHkXFmiJQcuRxrfp5CU9tRU79QY": {
    "buy_ts": 1769297950.3732357,
    "closed_ts": 1769345168.4621418,
    "entry_price": 2.982e-05,
    "exit_price": 1.3287777113826602e-05,
    "exit_reason": "STOP_LOSS",
    "high_price": 2.982e-05,
    "sol_amount": 0.02,
    "status": "CLOSED"
  },
  "GVmtuUyLDuXNh2gJtHgarEtpqSiwn5965fNv37VeEhk1": {
    "buy_ts": 1769433160.1817694,
    "closed_ts": 1769436347.7420957,
    "entry_price": 1.717e-06,
    "exit_price": 1.615e-06,
    "exit_reason": "NO_TRADES_TIMEOUT",
    "high_price": 1.724e-06,
    "last_price_usd": 1.615e-06,
    "last_trade_ts": 1769433187.6854398,
    "no_trades_hits": 3,
    "sol_amount": 0.02,
    "status": "CLOSED"
  },
  "HrNsut7DMXWDYSzHL4M4d5UHWky4f5tSENNmZ8Vhsurg": {
    "buy_ts": 1769377978.7225137,
    "closed_ts": 1769378058.706403,
    "entry_price": 4.554e-05,
    "exit_price": 3.101e-05,
    "exit_reason": "STOP_LOSS",
    "high_price": 4.554e-05,
    "last_price_usd": 3.101e-05,
    "last_trade_ts": 1769378018.5988579,
    "sol_amount": 0.02,
    "status": "CLOSED"
  }
}