{
  "4a3EMFw6Gxf4sAwXJF6Z8AcW4QdFQEG9Ynxv2smMskJE": 1769436675.2263258,
  "5dxdLpp7epQ9hEY14KUtYa8Bj4kb1ebiovyyUyDkbonk": 1769411845.0176253,
  "5eTuF52LmxisGfPPhZeiUkBPMdTkF3WfF1w5P5FUbonk": 1769406511.723108,
  "86U6VJf6cpr5ckaHa6xeAbp7nBunpkvVrhEJjCgs8U5f": 1769377058.1494837,
  "Av3cLhrHypqqh5VNqgmASeCGKbPGB8L2teNRuhH3bonk": 1769436593.0744295,
  "EZvoqH87wA3Uu7GQqoHkXFmiJQcuRxrfp5CU9tRU79QY": 1769345168.462565,
  "GVmtuUyLDuXNh2gJtHgarEtpqSiwn5965fNv37VeEhk1": 1769436347.7425036,
  "HrNsut7DMXWDYSzHL4M4d5UHWky4f5tSENNmZ8Vhsurg": 1769378058.7068284
}